{
  "accuracy": 0.6363636363636364,
  "precision": 1.0,
  "recall": 0.018867924528301886,
  "f1_score": 0.037037037037037035,
  "roc_auc": 0.7496855345911951,
  "confusion_matrix": [
    [
      90,
      0
    ],
    [
      52,
      1
    ]
  ],
  "confusion_matrix_normalized": [
    [
      1.0,
      0.0
    ],
    [
      0.9811320754716981,
      0.018867924528301886
    ]
  ],
  "classification_report": {
    "0": {
      "precision": 0.6338028169014085,
      "recall": 1.0,
      "f1-score": 0.7758620689655172,
      "support": 90.0
    },
    "1": {
      "precision": 1.0,
      "recall": 0.018867924528301886,
      "f1-score": 0.037037037037037035,
      "support": 53.0
    },
    "accuracy": 0.6363636363636364,
    "macro avg": {
      "precision": 0.8169014084507042,
      "recall": 0.5094339622641509,
      "f1-score": 0.40644955300127716,
      "support": 143.0
    },
    "weighted avg": {
      "precision": 0.7695262483994879,
      "recall": 0.6363636363636364,
      "f1-score": 0.50203181237664,
      "support": 143.0
    }
  }
}