{
  "accuracy": 0.965034965034965,
  "precision": 0.9444444444444444,
  "recall": 0.9622641509433962,
  "f1_score": 0.9532710280373832,
  "roc_auc": 0.9951781970649896,
  "confusion_matrix": [
    [
      87,
      3
    ],
    [
      2,
      51
    ]
  ],
  "confusion_matrix_normalized": [
    [
      0.9666666666666667,
      0.03333333333333333
    ],
    [
      0.03773584905660377,
      0.9622641509433962
    ]
  ],
  "classification_report": {
    "0": {
      "precision": 0.9775280898876404,
      "recall": 0.9666666666666667,
      "f1-score": 0.9720670391061452,
      "support": 90.0
    },
    "1": {
      "precision": 0.9444444444444444,
      "recall": 0.9622641509433962,
      "f1-score": 0.9532710280373832,
      "support": 53.0
    },
    "accuracy": 0.965034965034965,
    "macro avg": {
      "precision": 0.9609862671660424,
      "recall": 0.9644654088050315,
      "f1-score": 0.9626690335717643,
      "support": 143.0
    },
    "weighted avg": {
      "precision": 0.9652663191989034,
      "recall": 0.965034965034965,
      "f1-score": 0.9651006853533873,
      "support": 143.0
    }
  }
}