{
  "accuracy": 0.965034965034965,
  "precision": 0.9285714285714286,
  "recall": 0.9811320754716981,
  "f1_score": 0.9541284403669725,
  "roc_auc": 0.9916142557651992,
  "confusion_matrix": [
    [
      86,
      4
    ],
    [
      1,
      52
    ]
  ],
  "confusion_matrix_normalized": [
    [
      0.9555555555555556,
      0.044444444444444446
    ],
    [
      0.018867924528301886,
      0.9811320754716981
    ]
  ],
  "classification_report": {
    "0": {
      "precision": 0.9885057471264368,
      "recall": 0.9555555555555556,
      "f1-score": 0.9717514124293786,
      "support": 90.0
    },
    "1": {
      "precision": 0.9285714285714286,
      "recall": 0.9811320754716981,
      "f1-score": 0.9541284403669725,
      "support": 53.0
    },
    "accuracy": 0.965034965034965,
    "macro avg": {
      "precision": 0.9585385878489328,
      "recall": 0.9683438155136268,
      "f1-score": 0.9629399263981755,
      "support": 143.0
    },
    "weighted avg": {
      "precision": 0.9662923283612939,
      "recall": 0.965034965034965,
      "f1-score": 0.96521982138527,
      "support": 143.0
    }
  }
}