{
  "accuracy": 0.972027972027972,
  "precision": 0.9454545454545454,
  "recall": 0.9811320754716981,
  "f1_score": 0.9629629629629629,
  "roc_auc": 0.9970649895178197,
  "confusion_matrix": [
    [
      87,
      3
    ],
    [
      1,
      52
    ]
  ],
  "confusion_matrix_normalized": [
    [
      0.9666666666666667,
      0.03333333333333333
    ],
    [
      0.018867924528301886,
      0.9811320754716981
    ]
  ],
  "classification_report": {
    "0": {
      "precision": 0.9886363636363636,
      "recall": 0.9666666666666667,
      "f1-score": 0.9775280898876404,
      "support": 90.0
    },
    "1": {
      "precision": 0.9454545454545454,
      "recall": 0.9811320754716981,
      "f1-score": 0.9629629629629629,
      "support": 53.0
    },
    "accuracy": 0.972027972027972,
    "macro avg": {
      "precision": 0.9670454545454545,
      "recall": 0.9738993710691823,
      "f1-score": 0.9702455264253016,
      "support": 143.0
    },
    "weighted avg": {
      "precision": 0.9726319135410045,
      "recall": 0.972027972027972,
      "f1-score": 0.9721298260624104,
      "support": 143.0
    }
  }
}