{
  "models": {
    "logistic_regression": {
      "1.0": {
        "model_id": "logistic_regression_v1.0",
        "model_name": "logistic_regression",
        "version": "1.0",
        "path": "models\\logistic_regression\\1.0",
        "registered_at": "2025-11-30T12:58:50.940656",
        "metrics": {
          "accuracy": 0.965034965034965,
          "precision": 0.9444444444444444,
          "recall": 0.9622641509433962,
          "f1_score": 0.9532710280373832,
          "roc_auc": 0.9951781970649896,
          "confusion_matrix": [
            [
              87,
              3
            ],
            [
              2,
              51
            ]
          ],
          "confusion_matrix_normalized": [
            [
              0.9666666666666667,
              0.03333333333333333
            ],
            [
              0.03773584905660377,
              0.9622641509433962
            ]
          ],
          "classification_report": {
            "0": {
              "precision": 0.9775280898876404,
              "recall": 0.9666666666666667,
              "f1-score": 0.9720670391061452,
              "support": 90.0
            },
            "1": {
              "precision": 0.9444444444444444,
              "recall": 0.9622641509433962,
              "f1-score": 0.9532710280373832,
              "support": 53.0
            },
            "accuracy": 0.965034965034965,
            "macro avg": {
              "precision": 0.9609862671660424,
              "recall": 0.9644654088050315,
              "f1-score": 0.9626690335717643,
              "support": 143.0
            },
            "weighted avg": {
              "precision": 0.9652663191989034,
              "recall": 0.965034965034965,
              "f1-score": 0.9651006853533873,
              "support": 143.0
            }
          }
        },
        "metadata": {
          "training_config": {
            "experiment_name": "cancer_prediction",
            "run_name": "hybrid_ensemble_baseline",
            "random_state": 42,
            "models_to_train": [
              "logistic_regression",
              "gradient_boosting",
              "neural_network",
              "hybrid_ensemble"
            ],
            "training": {
              "cross_validation": {
                "enabled": false,
                "cv_folds": 5,
                "scoring": "accuracy"
              },
              "early_stopping": {
                "enabled": true,
                "patience": 10,
                "min_delta": 0.001
              },
              "save_best_model": true,
              "track_experiments": true
            },
            "metrics": [
              "accuracy",
              "precision",
              "recall",
              "f1_score",
              "roc_auc",
              "confusion_matrix"
            ],
            "mlflow": {
              "tracking_uri": "http://localhost:5000",
              "experiment_name": "cancer_prediction",
              "log_params": true,
              "log_metrics": true,
              "log_models": true,
              "log_artifacts": true,
              "registered_model_name": "cancer_prediction_model"
            },
            "persistence": {
              "save_format": "pickle",
              "compression": true,
              "save_metadata": true,
              "save_feature_importance": true
            },
            "logging": {
              "level": "INFO",
              "log_to_file": true,
              "log_file": "logs/training/training.log",
              "log_to_console": true
            }
          },
          "feature_count": 30,
          "training_samples": 426,
          "test_samples": 143,
          "model_name": "logistic_regression",
          "params": {
            "random_state": 0,
            "class_weight": "balanced",
            "max_iter": 1000,
            "solver": "lbfgs"
          },
          "is_trained": true
        },
        "status": "active"
      }
    },
    "gradient_boosting": {
      "1.0": {
        "model_id": "gradient_boosting_v1.0",
        "model_name": "gradient_boosting",
        "version": "1.0",
        "path": "models\\gradient_boosting\\1.0",
        "registered_at": "2025-11-30T12:58:50.964858",
        "metrics": {
          "accuracy": 0.965034965034965,
          "precision": 0.9285714285714286,
          "recall": 0.9811320754716981,
          "f1_score": 0.9541284403669725,
          "roc_auc": 0.9916142557651992,
          "confusion_matrix": [
            [
              86,
              4
            ],
            [
              1,
              52
            ]
          ],
          "confusion_matrix_normalized": [
            [
              0.9555555555555556,
              0.044444444444444446
            ],
            [
              0.018867924528301886,
              0.9811320754716981
            ]
          ],
          "classification_report": {
            "0": {
              "precision": 0.9885057471264368,
              "recall": 0.9555555555555556,
              "f1-score": 0.9717514124293786,
              "support": 90.0
            },
            "1": {
              "precision": 0.9285714285714286,
              "recall": 0.9811320754716981,
              "f1-score": 0.9541284403669725,
              "support": 53.0
            },
            "accuracy": 0.965034965034965,
            "macro avg": {
              "precision": 0.9585385878489328,
              "recall": 0.9683438155136268,
              "f1-score": 0.9629399263981755,
              "support": 143.0
            },
            "weighted avg": {
              "precision": 0.9662923283612939,
              "recall": 0.965034965034965,
              "f1-score": 0.96521982138527,
              "support": 143.0
            }
          }
        },
        "metadata": {
          "training_config": {
            "experiment_name": "cancer_prediction",
            "run_name": "hybrid_ensemble_baseline",
            "random_state": 42,
            "models_to_train": [
              "logistic_regression",
              "gradient_boosting",
              "neural_network",
              "hybrid_ensemble"
            ],
            "training": {
              "cross_validation": {
                "enabled": false,
                "cv_folds": 5,
                "scoring": "accuracy"
              },
              "early_stopping": {
                "enabled": true,
                "patience": 10,
                "min_delta": 0.001
              },
              "save_best_model": true,
              "track_experiments": true
            },
            "metrics": [
              "accuracy",
              "precision",
              "recall",
              "f1_score",
              "roc_auc",
              "confusion_matrix"
            ],
            "mlflow": {
              "tracking_uri": "http://localhost:5000",
              "experiment_name": "cancer_prediction",
              "log_params": true,
              "log_metrics": true,
              "log_models": true,
              "log_artifacts": true,
              "registered_model_name": "cancer_prediction_model"
            },
            "persistence": {
              "save_format": "pickle",
              "compression": true,
              "save_metadata": true,
              "save_feature_importance": true
            },
            "logging": {
              "level": "INFO",
              "log_to_file": true,
              "log_file": "logs/training/training.log",
              "log_to_console": true
            }
          },
          "feature_count": 30,
          "training_samples": 426,
          "test_samples": 143,
          "model_name": "gradient_boosting",
          "params": {
            "random_state": 0,
            "n_estimators": 100,
            "learning_rate": 0.1,
            "max_depth": 3,
            "min_samples_split": 2,
            "min_samples_leaf": 1,